date,visitors
2019-01-01,3412100
2019-02-01,3189900
2019-03-01,3697100
2019-04-01,3542000
2019-05-01,3691100
2019-06-01,3607400
2019-07-01,3685900
2019-08-01,3579000
2019-09-01,3475900
2019-10-01,3668100
2019-11-01,3509800
2019-12-01,3465700
2020-01-01,3545100
2020-02-01,3333200
2020-03-01,1531100
2020-04-01,106900
2020-05-01,151300
2020-06-01,1065100
2020-07-01,1438000
2020-08-01,1537400
2020-09-01,1704300
2020-10-01,1856900
2020-11-01,1514500
2020-12-01,1247200
2021-01-01,1294100
2021-02-01,1540100
2021-03-01,2230100
2021-04-01,2573800
2021-05-01,2878200
2021-06-01,2971000
2021-07-01,3302400
2021-08-01,2998400
2021-09-01,2935600
2021-10-01,3390200
2021-11-01,3112200
2021-12-01,3004500
2022-01-01,2474800
2022-02-01,2616600
2022-03-01,3334700
2022-04-01,3382200
2022-05-01,3446900
2022-06-01,3324800
2022-07-01,3491600
2022-08-01,3190600
2022-09-01,3355200
2022-10-01,3639200
2022-11-01,3265500
2022-12-01,3307200
2023-01-01,3275300
2023-02-01,3081800
2023-03-01,3655800
2023-04-01,3385500
2023-05-01,3498000
2023-06-01,3428500
2023-07-01,3527800
2023-08-01,3319700
2023-09-01,3336900
2023-10-01,3630300
2023-11-01,3292800
2023-12-01,3397500
2024-01-01,3383500
2024-02-01,3374300
2024-03-01,3671500
2024-04-01,3513500
2024-05-01,3657200
2024-06-01,3490600
2024-07-01,3512500
2024-08-01,3399900
2024-09-01,3389100
2024-10-01,3564800
2024-11-01,3313700
2024-12-01,3405700
2025-01-01,3341800
2025-02-01,2973300
2025-03-01,3386800
2025-04-01,3335900
2025-05-01,3418700
2025-06-01,3094800
2025-07-01,3089300
2025-08-01,3171500
2025-09-01,3091400
2025-10-01,3409100
2025-11-01,3141600
2025-12-01,3091500
2026-01-01,3269100
2026-02-01,3019700
2026-03-01,3452500
2026-04-01,3275100
2026-05-01,3486400
2026-06-01,3079800
2026-07-01,3171600
