date,nv_hpi
1975-01-01,53.01
1975-04-01,44.71
1975-07-01,47.61
1975-10-01,53.96
1976-01-01,52.08
1976-04-01,55.9
1976-07-01,60.52
1976-10-01,69.53
1977-01-01,59.81
1977-04-01,63.7
1977-07-01,71.07
1977-10-01,72.79
1978-01-01,74.85
1978-04-01,81.71
1978-07-01,86.55
1978-10-01,89.91
1979-01-01,93.77
1979-04-01,100.21
1979-07-01,96.7
1979-10-01,99.48
1980-01-01,100.0
1980-04-01,102.55
1980-07-01,104.5
1980-10-01,104.33
1981-01-01,108.12
1981-04-01,117.35
1981-07-01,117.33
1981-10-01,115.52
1982-01-01,120.32
1982-04-01,120.94
1982-07-01,120.78
1982-10-01,123.2
1983-01-01,119.87
1983-04-01,119.34
1983-07-01,120.67
1983-10-01,115.11
1984-01-01,121.02
1984-04-01,118.91
1984-07-01,114.12
1984-10-01,117.39
1985-01-01,118.7
1985-04-01,117.34
1985-07-01,119.91
1985-10-01,119.61
1986-01-01,123.02
1986-04-01,124.33
1986-07-01,124.93
1986-10-01,124.36
1987-01-01,127.36
1987-04-01,126.71
1987-07-01,126.62
1987-10-01,125.75
1988-01-01,126.84
1988-04-01,127.88
1988-07-01,129.39
1988-10-01,131.03
1989-01-01,131.2
1989-04-01,133.38
1989-07-01,136.98
1989-10-01,138.9
1990-01-01,141.56
1990-04-01,143.96
1990-07-01,147.58
1990-10-01,149.12
1991-01-01,152.44
1991-04-01,153.39
1991-07-01,154.16
1991-10-01,157.77
1992-01-01,158.98
1992-04-01,158.48
1992-07-01,161.32
1992-10-01,162.26
1993-01-01,162.27
1993-04-01,163.58
1993-07-01,164.8
1993-10-01,165.67
1994-01-01,166.03
1994-04-01,166.68
1994-07-01,167.29
1994-10-01,167.0
1995-01-01,168.29
1995-04-01,172.0
1995-07-01,174.55
1995-10-01,175.77
1996-01-01,177.68
1996-04-01,177.02
1996-07-01,176.9
1996-10-01,178.94
1997-01-01,179.88
1997-04-01,180.21
1997-07-01,182.79
1997-10-01,183.93
1998-01-01,186.39
1998-04-01,186.53
1998-07-01,187.35
1998-10-01,188.66
1999-01-01,189.14
1999-04-01,188.84
1999-07-01,190.11
1999-10-01,190.35
2000-01-01,192.03
2000-04-01,194.44
2000-07-01,196.31
2000-10-01,199.12
2001-01-01,203.6
2001-04-01,206.18
2001-07-01,210.02
2001-10-01,212.67
2002-01-01,215.76
2002-04-01,219.25
2002-07-01,224.03
2002-10-01,226.6
2003-01-01,230.63
2003-04-01,235.2
2003-07-01,241.96
2003-10-01,256.38
2004-01-01,269.94
2004-04-01,294.55
2004-07-01,331.95
2004-10-01,344.74
2005-01-01,358.61
2005-04-01,377.4
2005-07-01,390.98
2005-10-01,405.44
2006-01-01,414.5
2006-04-01,415.38
2006-07-01,416.85
2006-10-01,415.45
2007-01-01,412.86
2007-04-01,404.38
2007-07-01,390.71
2007-10-01,380.71
2008-01-01,359.76
2008-04-01,330.67
2008-07-01,297.52
2008-10-01,281.71
2009-01-01,280.13
2009-04-01,259.92
2009-07-01,241.84
2009-10-01,234.61
2010-01-01,225.51
2010-04-01,217.92
2010-07-01,219.3
2010-10-01,213.38
2011-01-01,201.61
2011-04-01,188.25
2011-07-01,186.86
2011-10-01,187.16
2012-01-01,185.62
2012-04-01,184.67
2012-07-01,189.41
2012-10-01,194.49
2013-01-01,200.8
2013-04-01,213.29
2013-07-01,226.54
2013-10-01,236.56
2014-01-01,242.23
2014-04-01,249.87
2014-07-01,259.33
2014-10-01,263.11
2015-01-01,268.79
2015-04-01,277.18
2015-07-01,285.53
2015-10-01,292.08
2016-01-01,295.34
2016-04-01,303.08
2016-07-01,312.07
2016-10-01,315.49
2017-01-01,320.51
2017-04-01,330.65
2017-07-01,341.59
2017-10-01,350.11
2018-01-01,361.37
2018-04-01,376.38
2018-07-01,387.76
2018-10-01,393.54
2019-01-01,396.06
2019-04-01,402.18
2019-07-01,405.86
2019-10-01,408.43
2020-01-01,412.85
2020-04-01,418.03
2020-07-01,424.26
2020-10-01,433.82
2021-01-01,449.29
2021-04-01,478.5
2021-07-01,515.44
2021-10-01,537.85
2022-01-01,559.56
2022-04-01,598.55
2022-07-01,598.52
2022-10-01,579.86
2023-01-01,569.78
2023-04-01,576.77
2023-07-01,590.21
2023-10-01,587.68
2024-01-01,603.29
2024-04-01,614.44
2024-07-01,617.49
2024-10-01,624.65
2025-01-01,627.38
2025-04-01,632.24
2025-07-01,631.03
2025-10-01,635.63
2026-01-01,640.33
2026-04-01,647.75
