"date","cpi","inflation"
1970-01-01,37.9,NA
1970-02-01,38.1,NA
1970-03-01,38.3,NA
1970-04-01,38.5,NA
1970-05-01,38.6,NA
1970-06-01,38.8,NA
1970-07-01,38.9,NA
1970-08-01,39,NA
1970-09-01,39.2,NA
1970-10-01,39.4,NA
1970-11-01,39.6,NA
1970-12-01,39.8,NA
1971-01-01,39.9,0.051425211807437
1971-02-01,39.9,0.0461620417631625
1971-03-01,40,0.043429557927336
1971-04-01,40.1,0.0407180930187847
1971-05-01,40.3,0.043099192481852
1971-06-01,40.5,0.0428817274832656
1971-07-01,40.6,0.0427738159832867
1971-08-01,40.7,0.0426664463189033
1971-09-01,40.8,0.0400053346136993
1971-10-01,40.9,0.0373642467448678
1971-11-01,41,0.0347429484438733
1971-12-01,41.1,0.0321412092117974
1972-01-01,41.2,0.0320619324596629
1972-02-01,41.4,0.0369045569354509
1972-03-01,41.4,0.0344014267173325
1972-04-01,41.5,0.034317092924129
1972-05-01,41.6,0.0317486983145807
1972-06-01,41.7,0.0291991546922628
1972-07-01,41.8,0.0291282729230233
1972-08-01,41.9,0.0290577344795424
1972-09-01,42.1,0.0313656592782197
1972-10-01,42.2,0.0312901579932103
1972-11-01,42.4,0.0335762955336043
1972-12-01,42.5,0.0334959544281821
1973-01-01,42.7,0.0357606638790982
1973-02-01,43,0.0379192348622936
1973-03-01,43.4,0.0471785602750905
1973-04-01,43.7,0.0516546748648921
1973-05-01,43.9,0.0538141528139078
1973-06-01,44.2,0.0582236602788964
1973-07-01,44.2,0.055828449552942
1973-08-01,45,0.0713766628422277
1973-09-01,45.2,0.07104934614985
1973-10-01,45.6,0.0774874954783744
1973-11-01,45.9,0.0793167548285871
1973-12-01,46.3,0.0856378851618169
1974-01-01,46.8,0.0916842826890223
1974-02-01,47.3,0.0953101798043248
1974-03-01,47.8,0.0965661983910509
1974-04-01,48.1,0.0959340750101711
1974-05-01,48.6,0.101709210825323
1974-06-01,49,0.103095509026974
1974-07-01,49.3,0.109199291964992
1974-08-01,49.9,0.103358512987153
1974-09-01,50.6,0.112854489455234
1974-10-01,51,0.111917916203985
1974-11-01,51.5,0.115116690603191
1974-12-01,51.9,0.114176829079655
1975-01-01,52.3,0.111113168147276
1975-02-01,52.6,0.106205824245777
1975-03-01,52.8,0.0994855512148058
1975-04-01,53,0.0970097364404063
1975-05-01,53.1,0.0885533973414452
1975-06-01,53.5,0.0878613557913344
1975-07-01,54,0.0910599655156301
1975-08-01,54.2,0.0826599056881276
1975-09-01,54.6,0.0760823064574394
1975-10-01,54.9,0.0736877157911588
1975-11-01,55.3,0.0711911008585986
1975-12-01,55.6,0.0688644110846934
1976-01-01,55.8,0.0647774983163876
1976-02-01,55.9,0.060848260417389
1976-03-01,56,0.0588405000229337
1976-04-01,56.1,0.056843898976529
1976-05-01,56.4,0.06029223025612
1976-06-01,56.7,0.0580925568317459
1976-07-01,57,0.0540672212702757
1976-08-01,57.3,0.0556197152750935
1976-09-01,57.6,0.0534886849509864
1976-10-01,57.9,0.0532040360634651
1976-11-01,58.1,0.0493927553295768
1976-12-01,58.4,0.0491326885776449
1977-01-01,58.7,0.050665857446786
1977-02-01,59.3,0.0590449258426267
1977-03-01,59.6,0.0623038833361544
1977-04-01,60,0.0672087496934495
1977-05-01,60.2,0.0652031938107624
1977-06-01,60.5,0.0648691543030893
1977-07-01,60.8,0.0645385211375711
1977-08-01,61.1,0.0642112424568557
1977-09-01,61.3,0.0622572752403201
1977-10-01,61.6,0.0619444859605247
1977-11-01,62,0.0649687211872259
1977-12-01,62.3,0.064645535959226
1978-01-01,62.7,0.0659217208048242
1978-02-01,63,0.0605254203878527
1978-03-01,63.4,0.0618082873718757
1978-04-01,63.9,0.0629747991613883
1978-05-01,64.5,0.0689928714869508
1978-06-01,65,0.0717439048588409
1978-07-01,65.5,0.0744603536690853
1978-08-01,65.9,0.0756265753309115
1978-09-01,66.5,0.0814221047196426
1978-10-01,67.1,0.0855221734381617
1978-11-01,67.5,0.0849932128333926
1978-12-01,67.9,0.0860746087712432
1979-01-01,68.5,0.0884722976293046
1979-02-01,69.2,0.0938661362320916
1979-03-01,69.9,0.0976017877965845
1979-04-01,70.6,0.0997107831157074
1979-05-01,71.4,0.101632645543813
1979-06-01,72.2,0.105052776003144
1979-07-01,73,0.108409298507184
1979-08-01,73.7,0.11186435768683
1979-09-01,74.4,0.112253994177238
1979-10-01,75.2,0.113967186978158
1979-11-01,76,0.118605742407847
1979-12-01,76.9,0.124469841946948
1980-01-01,78,0.129875081421412
1980-02-01,79,0.132446989843397
1980-03-01,80.1,0.136210204834549
1980-04-01,80.9,0.13618367956525
1980-05-01,81.7,0.134756132520418
1980-06-01,82.5,0.133358247441854
1980-07-01,82.6,0.123550239378542
1980-08-01,83.2,0.121244548631871
1980-09-01,83.9,0.120169671634114
1980-10-01,84.7,0.118964370702215
1980-11-01,85.6,0.118951942861365
1980-12-01,86.4,0.116481799298412
1981-01-01,87.2,0.111495504225342
1981-02-01,88,0.107888962011185
1981-03-01,88.6,0.100856003536721
1981-04-01,89.1,0.0965455104123176
1981-05-01,89.7,0.0934167671987929
1981-06-01,90.5,0.0925515573652458
1981-07-01,91.5,0.102329291754543
1981-08-01,92.2,0.102712782735385
1981-09-01,93.1,0.10404857080986
1981-10-01,93.4,0.0977757435767881
1981-11-01,93.8,0.0914795728644826
1981-12-01,94.1,0.085370370781324
1982-01-01,94.4,0.0793367422365217
1982-02-01,94.7,0.0733771857138255
1982-03-01,94.7,0.0665821425809972
1982-04-01,95,0.0641175571237769
1982-05-01,95.9,0.0668352128246426
1982-06-01,97,0.0693611277975021
1982-07-01,97.5,0.0635134057223254
1982-08-01,97.7,0.0579414284861892
1982-09-01,97.7,0.048227374765716
1982-10-01,98.1,0.0490960213365206
1982-11-01,98,0.0438026226583936
1982-12-01,97.7,0.0375435124574031
1983-01-01,97.9,0.036405476385009
1983-02-01,98,0.03425347847854
1983-03-01,98.1,0.0352733663792852
1983-04-01,98.8,0.0392207131532816
1983-05-01,99.2,0.0338320324014347
1983-06-01,99.4,0.0244411351591456
1983-07-01,99.8,0.0233158053136169
1983-08-01,100.1,0.0242681272724372
1983-09-01,100.4,0.027260648208892
1983-10-01,100.8,0.0271509890659507
1983-11-01,101.1,0.0311426473558534
1983-12-01,101.4,0.0371715321083457
1984-01-01,102.1,0.042006175634155
1984-02-01,102.6,0.0458704540660966
1984-03-01,102.9,0.047770276268686
1984-04-01,103.3,0.0445397713717703
1984-05-01,103.5,0.042433598414596
1984-06-01,103.7,0.0423500015729532
1984-07-01,104.1,0.0421837923035051
1984-08-01,104.4,0.0420599891273641
1984-09-01,104.7,0.0419369106188618
1984-10-01,105.1,0.0417739222456373
1984-11-01,105.3,0.0407032931135038
1984-12-01,105.5,0.0396378617590383
1985-01-01,105.7,0.0346521677055724
1985-02-01,106.3,0.035427352611233
1985-03-01,106.8,0.037200283686091
1985-04-01,107,0.0351914583363131
1985-05-01,107.2,0.035124635931278
1985-06-01,107.5,0.0359887323322354
1985-07-01,107.7,0.0339976085414193
1985-08-01,107.9,0.0329751968155501
1985-09-01,108.1,0.0319576067686711
1985-10-01,108.5,0.0318378950976088
1985-11-01,109,0.0345344630892139
1985-12-01,109.5,0.0372135963404343
1986-01-01,109.9,0.0389659685333843
1986-02-01,109.7,0.0314840819332831
1986-03-01,109.1,0.0213069663129302
1986-04-01,108.7,0.015762959665258
1986-05-01,109,0.016651633592442
1986-06-01,109.4,0.0175200424201636
1986-07-01,109.5,0.0165749650942129
1986-08-01,109.6,0.0156325022498267
1986-09-01,110,0.0174236411472544
1986-10-01,110.2,0.0155467237383
1986-11-01,110.4,0.0127622516138519
1986-12-01,110.8,0.0118022250566279
1987-01-01,111.4,0.0135564660836076
1987-02-01,111.8,0.0189621934398136
1987-03-01,112.2,0.0280181002495716
1987-04-01,112.7,0.0361376269185669
1987-05-01,113,0.0360399364831974
1987-06-01,113.5,0.0367919469335769
1987-07-01,113.8,0.0385179724356748
1987-08-01,114.3,0.0419891962868499
1987-09-01,114.7,0.0418396583429086
1987-10-01,115,0.0426352316444358
1987-11-01,115.4,0.0442942202310039
1987-12-01,115.6,0.0424091819250938
1988-01-01,116,0.0404628636131807
1988-02-01,116.2,0.0386012836968126
1988-03-01,116.5,0.0376082799171593
1988-04-01,117.2,0.0391524560971819
1988-05-01,117.5,0.0390505148718727
1988-06-01,118,0.0388817875442076
1988-07-01,118.5,0.0404704388829558
1988-08-01,119,0.0402969223107643
1988-09-01,119.5,0.0409963472362405
1988-10-01,119.9,0.041725933670218
1988-11-01,120.3,0.0415842689066341
1988-12-01,120.7,0.0431721718652085
1989-01-01,121.2,0.0438518825288492
1989-02-01,121.6,0.0454241251142555
1989-03-01,122.2,0.0477677737317395
1989-04-01,123.1,0.0491151560474954
1989-05-01,123.7,0.051420945814229
1989-06-01,124.1,0.0504030677448961
1989-07-01,124.5,0.0493927553295759
1989-08-01,124.5,0.0451822227932324
1989-09-01,124.8,0.0433960845637618
1989-10-01,125.4,0.0448505661653522
1989-11-01,125.9,0.0454993180696679
1989-12-01,126.3,0.0453519012529595
1990-01-01,127.5,0.0506742909632676
1990-02-01,128,0.0512932943875501
1990-03-01,128.6,0.0510477650660235
1990-04-01,128.9,0.0460398767547341
1990-05-01,129.1,0.0427280184541541
1990-06-01,129.9,0.0456772314659926
1990-07-01,130.5,0.0470675108579863
1990-08-01,131.6,0.0554613029864548
1990-09-01,132.5,0.0598701894909492
1990-10-01,133.4,0.0618435052827033
1990-11-01,133.7,0.0601105430575961
1990-12-01,134.2,0.0606711951811363
1991-01-01,134.7,0.0549337188178374
1991-02-01,134.8,0.0517619345585896
1991-03-01,134.8,0.0470853866746879
1991-04-01,135.1,0.0469783350210111
1991-05-01,135.6,0.0491220776536982
1991-06-01,136,0.0458899620594986
1991-07-01,136.2,0.0427511669526632
1991-08-01,136.6,0.0372899282454728
1991-09-01,137,0.0333982804018484
1991-10-01,137.2,0.0280875818102606
1991-11-01,137.8,0.0302048744716608
1991-12-01,138.2,0.0293706867959882
1992-01-01,138.3,0.026375155254394
1992-02-01,138.6,0.0277998882775963
1992-03-01,139.1,0.0314009004511906
1992-04-01,139.4,0.0313322533602705
1992-05-01,139.7,0.0297878907566211
1992-06-01,140.1,0.0297015676069092
1992-07-01,140.5,0.0310830950583894
1992-08-01,140.8,0.0302834965872529
1992-09-01,141.1,0.0294879330306435
1992-10-01,141.7,0.0322724314048504
1992-11-01,142.1,0.0307276765234965
1992-12-01,142.3,0.0292355937622366
1993-01-01,142.8,0.0320198112347718
1993-02-01,143.1,0.031951599806602
1993-03-01,143.3,0.0297472359047291
1993-04-01,143.8,0.0310759469605228
1993-05-01,144.2,0.0317039585879328
1993-06-01,144.3,0.0295380124368636
1993-07-01,144.5,0.028072018778686
1993-08-01,144.8,0.0280130362276738
1993-09-01,145,0.0272648835618057
1993-10-01,145.6,0.0271509890659507
1993-11-01,146,0.0270755866052816
1993-12-01,146.3,0.0277218029302722
1994-01-01,146.3,0.024214258120594
1994-02-01,146.7,0.0248459985865308
1994-03-01,147.1,0.0261722927732659
1994-04-01,147.2,0.0233687610078297
1994-05-01,147.5,0.022626950929026
1994-06-01,147.9,0.0246419039369288
1994-07-01,148.4,0.0266318231807929
1994-08-01,149,0.0285928259938428
1994-09-01,149.3,0.0292239621245702
1994-10-01,149.4,0.0257641369361314
1994-11-01,149.8,0.0256944493747833
1994-12-01,150.1,0.0256424306133374
1995-01-01,150.5,0.0283037761628515
1995-02-01,150.9,0.0282276806248678
1995-03-01,151.2,0.0274908361380408
1995-04-01,151.8,0.0307716586667537
1995-05-01,152.1,0.0307100234853719
1995-06-01,152.4,0.0299722735357921
1995-07-01,152.6,0.0279087881170765
1995-08-01,152.9,0.0258378069895571
1995-09-01,153.1,0.0251335981184937
1995-10-01,153.5,0.0270732943285346
1995-11-01,153.7,0.0257015794614306
1995-12-01,153.9,0.0250013022054176
1996-01-01,154.7,0.02752467339009
1996-02-01,155,0.0268077511454434
1996-03-01,155.5,0.0280422678738557
1996-04-01,156.1,0.0279329625598566
1996-05-01,156.4,0.027878628845964
1996-06-01,156.7,0.0278245061094289
1996-07-01,157,0.0284256864979513
1996-08-01,157.2,0.0277347670600898
1996-09-01,157.7,0.0296031913053545
1996-10-01,158.2,0.0301594883063023
1996-11-01,158.7,0.0320129769878132
1996-12-01,159.1,0.0332298944989073
1997-01-01,159.4,0.0299290087770947
1997-02-01,159.7,0.0298719383017199
1997-03-01,159.8,0.0272773017128856
1997-04-01,159.9,0.0240517923185219
1997-05-01,159.9,0.0221317917286976
1997-06-01,160.2,0.0220898852722842
1997-07-01,160.4,0.0214248900841065
1997-08-01,160.8,0.0226424767497599
1997-09-01,161.2,0.0219513361035348
1997-10-01,161.5,0.0206450873291573
1997-11-01,161.7,0.0187271390506973
1997-12-01,161.8,0.0168280692806508
1998-01-01,162,0.0161795688762689
1998-02-01,162,0.014299280011417
1998-03-01,162,0.0136733019002095
1998-04-01,162.2,0.0142815218414043
1998-05-01,162.6,0.0167445772738022
1998-06-01,162.8,0.0160994189341812
1998-07-01,163.2,0.0173057470975921
1998-08-01,163.4,0.0160398256810366
1998-09-01,163.5,0.0141671602647806
1998-10-01,163.9,0.0147513430870729
1998-11-01,164.1,0.0147332315129844
1998-12-01,164.4,0.0159414779976883
1999-01-01,164.7,0.0165293019512109
1999-02-01,164.7,0.0165293019512109
1999-03-01,164.8,0.0171362822429879
1999-04-01,165.9,0.0225550555150864
1999-05-01,166,0.0206945912428331
1999-06-01,166,0.0194653347881033
1999-07-01,166.7,0.0212193472267419
1999-08-01,167.1,0.0223912531754458
1999-09-01,167.8,0.0259598036957982
1999-10-01,168.1,0.025302554664786
1999-11-01,168.4,0.0258661037121808
1999-12-01,168.8,0.026412099539777
2000-01-01,169.3,0.027546651955495
2000-02-01,170,0.0316727998666675
2000-03-01,171,0.0369309390272887
2000-04-01,170.9,0.0296933929251466
2000-05-01,171.2,0.0308446753510978
2000-06-01,172.2,0.0366688036370864
2000-07-01,172.7,0.0353601953958842
2000-08-01,172.7,0.0329635495512841
2000-09-01,173.6,0.0339810081931438
2000-10-01,173.9,0.0339213809456673
2000-11-01,174.2,0.0338619626101764
2000-12-01,174.6,0.0337830612436445
2001-01-01,175.6,0.0365363920619268
2001-02-01,176,0.0346855579878893
2001-03-01,176.1,0.0293884589994997
2001-04-01,176.4,0.0316755534511453
2001-05-01,177.3,0.0350107493725211
2001-06-01,177.7,0.031440143166976
2001-07-01,177.4,0.0268510847228463
2001-08-01,177.4,0.0268510847228463
2001-09-01,178.1,0.0255913880693663
2001-10-01,177.6,0.0210534091978323
2001-11-01,177.5,0.0187665444970682
2001-12-01,177.4,0.0159094264699773
2002-01-01,177.7,0.0118880539595896
2002-02-01,178,0.0112995552539337
2002-03-01,178.5,0.0135365857175334
2002-04-01,179.3,0.0163062370383962
2002-05-01,179.5,0.0123319948481706
2002-06-01,179.6,0.0106354207074935
2002-07-01,180,0.0145497810147317
2002-08-01,180.5,0.0173237078974573
2002-09-01,180.8,0.0150462576624601
2002-10-01,181.2,0.0200675630508096
2002-11-01,181.5,0.0222850447894345
2002-12-01,181.8,0.0245001118678996
2003-01-01,182.6,0.0272012330002624
2003-02-01,183.6,0.0309759278943051
2003-03-01,183.9,0.0298035303905824
2003-04-01,183.2,0.0215180716289431
2003-05-01,182.9,0.0187643474684869
2003-06-01,183.1,0.0193002958123651
2003-07-01,183.7,0.0203471413308698
2003-08-01,184.5,0.0219186857076457
2003-09-01,185.1,0.0235047716213757
2003-10-01,184.9,0.0202137447841997
2003-11-01,185,0.0191001713734194
2003-12-01,185.5,0.0201477003041113
2004-01-01,186.3,0.0200603094466745
2004-02-01,186.7,0.0167435723612863
2004-03-01,187.1,0.0172511016697685
2004-04-01,187.4,0.0226669175642913
2004-05-01,188.2,0.0285656717544596
2004-06-01,188.9,0.0311853228269996
2004-07-01,189.1,0.0289719834433315
2004-08-01,189.2,0.0251551931371958
2004-09-01,189.8,0.0250746665963755
2004-10-01,190.8,0.0314106206211076
2004-11-01,191.7,0.0355758249732743
2004-12-01,191.7,0.0328767680041091
2005-01-01,191.6,0.0280515879292169
2005-02-01,192.4,0.0300734876839295
2005-03-01,193.1,0.0315649561544245
2005-04-01,193.7,0.0330652006086289
2005-05-01,193.6,0.0282889476911974
2005-06-01,193.7,0.0250927959054863
2005-07-01,194.9,0.030210630849103
2005-08-01,196.1,0.0358200765845229
2005-09-01,198.8,0.0463284080466462
2005-10-01,199.1,0.0425814520559644
2005-11-01,198.1,0.0328403036529066
2005-12-01,198.1,0.0328403036529066
2006-01-01,199.3,0.039401361681989
2006-02-01,199.4,0.0357363192961317
2006-03-01,199.7,0.0336080509873007
2006-04-01,200.7,0.0355006853893416
2006-05-01,201.3,0.0390021578032691
2006-06-01,201.8,0.0409665375065584
2006-07-01,202.9,0.0402266403182541
2006-08-01,203.8,0.0385143875863241
2006-09-01,202.8,0.0199209774945546
2006-10-01,201.9,0.0139653142486411
2006-11-01,202,0.0194957436966998
2006-12-01,203.1,0.0249265148818338
2007-01-01,203.437,0.0205451474238227
2007-02-01,204.226,0.0239143662483734
2007-03-01,205.288,0.0275976308475414
2007-04-01,205.904,0.0255987849490174
2007-05-01,206.755,0.026738184762487
2007-06-01,207.234,0.0265714816681832
2007-07-01,207.603,0.0229143552226043
2007-08-01,207.667,0.0187967144658669
2007-09-01,208.547,0.0279441637829017
2007-10-01,209.19,0.0354704045822372
2007-11-01,210.834,0.0428033965826975
2007-12-01,211.445,0.0402664488005122
2008-01-01,212.174,0.0420503181114533
2008-02-01,212.687,0.0405943776153679
2008-03-01,213.448,0.0389793720149134
2008-04-01,213.942,0.0382949094984228
2008-05-01,215.208,0.0400704849096227
2008-06-01,217.463,0.0481801315273298
2008-07-01,219.016,0.0535171844541535
2008-08-01,218.69,0.0517193666457398
2008-09-01,218.877,0.0483454926999745
2008-10-01,216.995,0.0366313818993174
2008-11-01,213.153,0.0109391237236256
2008-12-01,211.398,-0.000222304733404677
2009-01-01,211.933,-0.00113650576831148
2009-02-01,212.705,8.46278256796396e-05
2009-03-01,212.495,-0.00447478460833839
2009-04-01,212.709,-0.00577991582164916
2009-05-01,213.022,-0.0102095555571253
2009-06-01,214.79,-0.0123679144988502
2009-07-01,214.726,-0.0197819897475107
2009-08-01,215.445,-0.0149495453483359
2009-09-01,215.861,-0.0138752461811729
2009-10-01,216.509,-0.00224219478302956
2009-11-01,217.234,0.0189648958547197
2009-12-01,217.347,0.0277525420635989
2010-01-01,217.488,0.0258734896071786
2010-02-01,217.281,0.0212852174989884
2010-03-01,217.353,0.0226043012861581
2010-04-01,217.403,0.0218277396118367
2010-05-01,217.29,0.0198374201146141
2010-06-01,217.199,0.0111531773814448
2010-07-01,217.605,0.0133186958979588
2010-08-01,217.923,0.0114361328343184
2010-09-01,218.275,0.0111210536781394
2010-10-01,219.035,0.0115994173813494
2010-11-01,219.59,0.0107870576956524
2010-12-01,220.472,0.0142755479797039
2011-01-01,221.187,0.0168648209846634
2011-02-01,221.898,0.0210263701128337
2011-03-01,223.046,0.0258552682525934
2011-04-01,224.093,0.0303083702237732
2011-05-01,224.806,0.0340049411794681
2011-06-01,224.806,0.0344238240571961
2011-07-01,225.395,0.0351729259145017
2011-08-01,226.106,0.0368621264761737
2011-09-01,226.597,0.0374173736214001
2011-10-01,226.75,0.03461655459658
2011-11-01,227.169,0.0339320626178408
2011-12-01,227.223,0.0301612114209604
2012-01-01,227.842,0.0296439086974161
2012-02-01,228.329,0.0285697544828585
2012-03-01,228.807,0.0255008252286002
2012-04-01,229.187,0.0224771199456191
2012-05-01,228.713,0.0172301343842172
2012-06-01,228.524,0.0164034295866431
2012-07-01,228.59,0.0140755872984801
2012-08-01,229.918,0.0167188077526923
2012-09-01,231.015,0.0193095341602669
2012-10-01,231.638,0.0213277192376919
2012-11-01,231.249,0.0178008181831197
2012-12-01,231.221,0.0174420490055045
2013-01-01,231.679,0.0167003866147226
2013-02-01,232.937,0.0199804594268098
2013-03-01,232.282,0.0150732973214591
2013-04-01,231.797,0.011323724421044
2013-05-01,231.893,0.0138081159421146
2013-06-01,232.445,0.0170124002616436
2013-07-01,232.9,0.0186791710183387
2013-08-01,233.456,0.0152708989065866
2013-09-01,233.544,0.01088785270926
2013-10-01,233.669,0.00872977581834977
2013-11-01,234.1,0.0122533224380046
2013-12-01,234.719,0.015015090867017
2014-01-01,235.288,0.0154575028181121
2014-02-01,235.547,0.0111424381768579
2014-03-01,236.028,0.0159982912910595
2014-04-01,236.468,0.0199509035929628
2014-05-01,236.918,0.0214380313239149
2014-06-01,237.231,0.0203807120807564
2014-07-01,237.498,0.0195500254963115
2014-08-01,237.46,0.01700556571598
2014-09-01,237.477,0.0167002804921355
2014-10-01,237.43,0.015967259137863
2014-11-01,236.983,0.0122400341077435
2014-12-01,236.252,0.00650997795625319
2015-01-01,234.747,-0.00230195725380877
2015-02-01,235.342,-0.000870693573011394
2015-03-01,235.976,-0.000220337116679126
2015-04-01,236.222,-0.00104085139185983
2015-05-01,237.001,0.000350270830453248
2015-06-01,237.657,0.00179410772337185
2015-07-01,238.034,0.0022543182246153
2015-08-01,238.033,0.00241013128423262
2015-09-01,237.498,8.8425706673334e-05
2015-10-01,237.733,0.00127535199950213
2015-11-01,238.017,0.00435369108739536
2015-12-01,237.761,0.0063669354960032
2016-01-01,237.652,0.0122990803080381
2016-02-01,237.336,0.00843708329330362
2016-03-01,238.08,0.0088766467056498
2016-04-01,238.992,0.0116580377364777
2016-05-01,239.557,0.0107270238235788
2016-06-01,240.222,0.0107350380858984
2016-07-01,240.101,0.00864614753859083
2016-08-01,240.545,0.0104978627081191
2016-09-01,241.176,0.0153677550281603
2016-10-01,241.741,0.0167187099098696
2016-11-01,242.026,0.0167030587101609
2016-12-01,242.637,0.0203005318653595
2017-01-01,243.618,0.0247940059694702
2017-02-01,244.006,0.0277159565190042
2017-03-01,243.892,0.0241187527112023
2017-04-01,244.193,0.0215288176691528
2017-05-01,244.004,0.0183932342423621
2017-06-01,244.163,0.016272539252383
2017-07-01,244.243,0.0171039632017012
2017-08-01,245.183,0.0190976882703042
2017-09-01,246.435,0.0215713096116428
2017-10-01,246.626,0.0200061139750121
2017-11-01,247.284,0.0214923152856894
2017-12-01,247.805,0.0210756472461808
2018-01-01,248.859,0.0212850462843504
2018-02-01,249.529,0.0223823257472304
2018-03-01,249.577,0.0230419804576103
2018-04-01,250.227,0.0244096096425253
2018-05-01,250.792,0.0274392917219277
2018-06-01,251.018,0.02768861466242
2018-07-01,251.214,0.0281415341736091
2018-08-01,251.663,0.0260860204380524
2018-09-01,252.182,0.0230527820302697
2018-10-01,252.772,0.0246148775712109
2018-11-01,252.594,0.0212459829773088
2018-12-01,252.767,0.0198259692231675
2019-01-01,252.561,0.0147663326812202
2019-02-01,253.319,0.0150744231622157
2019-03-01,254.277,0.0186567391671382
2019-04-01,255.233,0.019808347575986
2019-05-01,255.296,0.01779974595956
2019-06-01,255.213,0.0165738409041571
2019-07-01,255.802,0.0180985421973414
2019-08-01,256.036,0.017227168654439
2019-09-01,256.43,0.016704673825509
2019-10-01,257.155,0.0171911192914855
2019-11-01,257.879,0.0207070259971305
2019-12-01,258.63,0.0229303531127476
2020-01-01,259.127,0.0256654853117642
2020-02-01,259.25,0.0231432830453873
2020-03-01,258.076,0.0148298912060536
2020-04-01,256.032,0.0031255832121122
2020-05-01,255.802,0.0019800514395234
2020-06-01,257.042,0.00714100505537996
2020-07-01,258.352,0.00991928841680068
2020-08-01,259.316,0.012729335637454
2020-09-01,259.997,0.0138143696052317
2020-10-01,260.319,0.0122287861011809
2020-11-01,260.911,0.0116888703394036
2020-12-01,262.045,0.013117775848019
2021-01-01,262.687,0.0136449203523519
2021-02-01,263.579,0.0165602861843483
2021-03-01,264.961,0.026328530157631
2021-04-01,266.614,0.0404994828264114
2021-05-01,268.383,0.0480113570680638
2021-06-01,270.654,0.0516017567014835
2021-07-01,271.903,0.051122388906478
2021-08-01,272.676,0.0502368819474128
2021-09-01,273.91,0.0521294927902138
2021-10-01,276.55,0.060483834403275
2021-11-01,278.919,0.066742064087264
2021-12-01,280.845,0.0692866709842637
2022-01-01,282.543,0.0728675420315534
2022-02-01,284.5,0.0763801202724004
2022-03-01,287.674,0.0822452492141625
2022-04-01,288.561,0.0791045825789363
2022-05-01,291.298,0.081931733377175
2022-06-01,294.957,0.0859883306345894
2022-07-01,294.913,0.0812350125437833
2022-08-01,295.097,0.0790198386741503
2022-09-01,296.349,0.0787382285621279
2022-10-01,298.007,0.0747253397217191
2022-11-01,298.786,0.0688061809890153
2022-12-01,298.832,0.0620786268490257
2023-01-01,300.42,0.0613507441771626
2023-02-01,301.45,0.0578709113690294
2023-03-01,301.821,0.0480062318594436
2023-04-01,302.845,0.0483146213942618
2023-05-01,303.334,0.0404877104748653
2023-06-01,304.014,0.030244169973872
2023-07-01,304.609,0.032348589381848
2023-08-01,306.082,0.0365489240581987
2023-09-01,307.276,0.0362085526697857
2023-10-01,307.696,0.0319953064060856
2023-11-01,308.148,0.0308525889636027
2023-12-01,308.741,0.0326211951485007
2024-01-01,309.698,0.0304161335259492
2024-02-01,310.967,0.0310826322890678
2024-03-01,312.345,0.0342742197097978
2024-04-01,313.023,0.0330555468012443
2024-05-01,313.175,0.0319276310876866
2024-06-01,313.044,0.0292700027628632
2024-07-01,313.569,0.028990444577877
2024-08-01,314.062,0.0257373787364177
2024-09-01,314.732,0.0239751165349604
2024-10-01,315.631,0.0254615271814362
2024-11-01,316.528,0.0268315182441565
2024-12-01,317.604,0.0283025860323569
2025-01-01,318.961,0.0294712091616933
2025-02-01,319.679,0.0276305701026853
2025-03-01,319.785,0.0235405488568485
2025-04-01,320.302,0.022987630473164
2025-05-01,320.62,0.0234944815312721
2025-06-01,321.435,0.026451590202881
2025-07-01,322.169,0.0270568210328355
2025-08-01,323.291,0.028962427776043
2025-09-01,324.245,0.0297779198326902
2025-11-01,325.063,0.0294451999479177
2025-12-01,326.031,0.0295807635845513
2026-01-01,326.588,0.0278941139169611
2026-02-01,327.46,0.0262970719537954
2026-03-01,330.293,0.0326627719900241
2026-04-01,332.407,0.0387112267400438
2026-05-01,333.979,0.0418138160068038
2026-06-01,332.568,0.0365877292029966
2026-07-01,332.813,0.0347854247409787
